Author name,Title,Url
Hoang Lien,Một số thủ thuật JavaScript đơn giản và tuyệt vời,/p/mot-so-thu-thuat-javascript-don-gian-va-tuyet-voi-6J3ZgzPWKmB
Nguyen Thi,Tìm hiểu về Integration Testing,/p/tim-hieu-ve-integration-testing-924lJPNzKPM
Hau Nguyen,10 mẹo debug Javascript với Console,/p/10-meo-debug-javascript-voi-console-Eb85on9kl2G
Thái Hà,Bạn là một TESTER ? Vậy bạn nên có những chứng chỉ nào?,/p/ban-la-mot-tester-vay-ban-nen-co-nhung-chung-chi-nao-ByEZk6WyKQ0
Le Ba Thanh Tuan,[SVG] Cách xử lý code SVG bằng tay (Phần 2),/p/svg-cach-xu-ly-code-svg-bang-tay-phan-2-eW65GvWJlDO
Vu TA,Hướng dẫn A - Z tích hợp Video Call API với Stringee SDK,/p/huong-dan-a-z-tich-hop-video-call-api-voi-stringee-sdk-YWOZrbVPZQ0
Dzung Nguyen Thien,Engineering Maturity Level - Hiện thực hoá các quy trình và quy chuẩn phát triển phần mềm,/p/engineering-maturity-level-hien-thuc-hoa-cac-quy-trinh-va-quy-chuan-phat-trien-phan-mem-vyDZO1Mk5wj
Nguyen Thanh Tung M,Cơ bản về Amazon Web Service (AWS),/p/co-ban-ve-amazon-web-service-aws-m68Z0pkzZkG
Nguyễn Thành Công C,"Những phần mềm giúp bạn làm video chuẩn như ""dân chuyên nghiệp""",/p/nhung-phan-mem-giup-ban-lam-video-chuan-nhu-dan-chuyen-nghiep-maGK7o2MKj2
Nguyen Trang,Kiểm thử đối tượng Calendar,/p/kiem-thu-doi-tuong-calendar-Eb85okD052G
Miu La,Làm thế nào để tạo được nhiều theme trên một trang wordpress( pHân,/p/lam-the-nao-de-tao-duoc-nhieu-theme-tren-mot-trang-wordpress-phan-4dbZN27vZYM
To Duc Thang,Phần 1.Bài toán Object Detection với SSD,/p/phan-1bai-toan-object-detection-voi-ssd-OeVKBWgAZkW
To Yen Tran,Tổng quan về Scrum phần 1.,/p/tong-quan-ve-scrum-phan-1-3P0lPqEm5ox
hai dang pham,Sự khác biệt giữa Array và Linked List,/p/su-khac-biet-giua-array-va-linked-list-OeVKBWvMZkW
Tran Thanh Tam,Các bước config cần thiết để SSH từ local lên server,/p/cac-buoc-config-can-thiet-de-ssh-tu-local-len-server-3Q75w9LMZWb
Marsfire,Cách dùng Fish với Tmux trong Ubuntu và Ubuntu WSL,/p/cach-dung-fish-voi-tmux-trong-ubuntu-va-ubuntu-wsl-RnB5pmDJKPG
Do Thi Minh Hoa,"Màn hình Đăng ký, Đăng nhập có gì?",/p/man-hinh-dang-ky-dang-nhap-co-gi-GrLZD3OVKk0
Lý Đức Long,Đọc Rss trong react,/p/doc-rss-trong-react-LzD5dgvdljY
Trần Xuân Thắng,Tạo hiệu ứng động số tăng dần đơn giản chỉ bằng Javascript thuần (Phần 1 - setInterval()),/p/tao-hieu-ung-dong-so-tang-dan-don-gian-chi-bang-javascript-thuan-phan-1-setinterval-bWrZnX7r5xw
Nguyễn Quang Vinh,Tìm hiểu Pipe trong Angular,/p/tim-hieu-pipe-trong-angular-GrLZD332Kk0
Doan Thi Hanh,Password Attack,/p/password-attack-Eb85onkBl2G
Yên Nguyễn Thị,Xây dưng Cascading Drop Down Selection List trong Rails với  jQuery Ajax,/p/xay-dung-cascading-drop-down-selection-list-trong-rails-voi-jquery-ajax-yMnKMbvAZ7P
Phan Van Hung,Chia sẻ cách chuyển hình ảnh sang text,/p/chia-se-cach-chuyen-hinh-anh-sang-text-djeZ1veRlWz
Huynh Thi To Trinh,"Tìm hiểu về QA, QC, Tester trong kiểm thử phần mềm.",/p/tim-hieu-ve-qa-qc-tester-trong-kiem-thu-phan-mem-V3m5W40xKO7
My Nguyen,Tìm hiểu về System testing,/p/tim-hieu-ve-system-testing-jvElaA3Dlkw
Phạm Sỹ Hưng,Tạo widget hình vé xem phim với CustomClipper trong Flutter,/p/tao-widget-hinh-ve-xem-phim-voi-customclipper-trong-flutter-gGJ59NmpKX2
Phan Van Nhat,"Android ""core"" : Những điều quan trọng nhưng hay bị lãng quên khi học code.",/p/android-core-nhung-dieu-quan-trong-nhung-hay-bi-lang-quen-khi-hoc-code-jvElaA0dlkw
Minh Huyen,Sự khác nhau giữa .attr() và .data() trong JQuery,/p/su-khac-nhau-giua-attr-va-data-trong-jquery-bJzKmzzEZ9N
Phuong Duong Thi,5 bước để bắt đầu với kiểm thử dựa trên rủi ro,/p/5-buoc-de-bat-dau-voi-kiem-thu-dua-tren-rui-ro-4dbZN2JgZYM
HueDiemDue,7 tips để code React Native nhanh hơn,/p/7-tips-de-code-react-native-nhanh-hon-924lJPPzKPM
Bui Huu Phuoc,Dart tour - Lập trình với Dart cơ bản,/p/dart-tour-lap-trinh-voi-dart-co-ban-1Je5ED4GlnL
Nguyễn Hồng Nguyên,Android Fragments: FragmentContainerView,/p/android-fragments-fragmentcontainerview-bJzKmzqBZ9N
Bloody Cô Tếch,Tạo Ghost Animation thú vị với css và html,/p/tao-ghost-animation-thu-vi-voi-css-va-html-aWj5377o56m
Phạm Văn Doanh,Speed Up Laravel Website,/p/speed-up-laravel-website-jvElaAAdlkw
Giang Mai Thi,Cấu trúc Redux trong React native - Phần 1,/p/cau-truc-redux-trong-react-native-phan-1-4P856Lo3ZY3
Nguyen Thi Kim Anh,Kiểm thử Mobile và Responsive,/p/kiem-thu-mobile-va-responsive-1VgZvPeR5Aw
Tran Ngoc Nam,Using Truth Tables to write better unit tests,/p/using-truth-tables-to-write-better-unit-tests-aWj5377Y56m
Đọt,Sử dụng CSS để xử lý bôi chọn văn bản,/p/su-dung-css-de-xu-ly-boi-chon-van-ban-63vKjzD6K2R
Đạt Phạm,Code theo video có mang lại lợi ích cho lập trình viên?,/p/code-theo-video-co-mang-lai-loi-ich-cho-lap-trinh-vien-Az45bzzO5xY
Pham Thi Van Anh,Test Coverage trong kiểm thử phần mềm (Các típ để tối đa hóa độ bao phủ ),/p/test-coverage-trong-kiem-thu-phan-mem-cac-tip-de-toi-da-hoa-do-bao-phu-QpmleaDolrd
Tran Dat,Học ReactJs từ số 0 - Advance - P1 - Error Boundaries,/p/hoc-reactjs-tu-so-0-advance-p1-error-boundaries-WAyK822olxX
tuan anh,Endpoint stripe trong ZendFramework,/p/endpoint-stripe-trong-zendframework-maGK7bba5j2
Nguyen Manh Quynh,Chia sẻ cách học hiệu quả hơn,/p/chia-se-cach-hoc-hieu-qua-hon-4P856LRBZY3
Le Thi Hoang Diep,How to use Google Chrome DevTools?,/p/how-to-use-google-chrome-devtools-924lJPpYKPM
Nagi,Thứ tự ưu tin không CSS - điều cơ bản mà không phải ai cũng biết,/p/thu-tu-uu-tin-khong-css-dieu-co-ban-ma-khong-phai-ai-cung-biet-V3m5W4xWKO7
kobato,Điều gì xảy ra khi bạn nhập một URL vào trình duyệt?,/p/dieu-gi-xay-ra-khi-ban-nhap-mot-url-vao-trinh-duyet-djeZ1vP3lWz
Vu Duc Sang,[Coroutine + Android] Phần 1: Sơ lược về coroutine,/p/coroutine-android-phan-1-so-luoc-ve-coroutine-Ljy5Vyyylra
Le Thi Ngoc Tram,[Docker cơ bản] Build image - Share your image lên Dockerhub (Phần 2),/p/docker-co-ban-build-image-share-your-image-len-dockerhub-phan-2-aWj537dQ56m
Tran Duy Long,AWS Essentials (Phần 1): Guildline Settings IAM trên AWS,/p/aws-essentials-phan-1-guildline-settings-iam-tren-aws-1Je5EDDmlnL
Huỳnh Thanh Tùng,Query trong javascript,/p/query-trong-javascript-OeVKBWWMZkW
Le Duc Son,Tìm hiểu về vòng lặp trong Javascript,/p/tim-hieu-ve-vong-lap-trong-javascript-XL6lA44RZek
Nguyễn Thành Công C,CÁC BƯỚC XÁC ĐỊNH TEST CASE,/p/cac-buoc-xac-dinh-test-case-07LKXWWp5V4
Vịtt,Các loại Errors trong PHP,/p/cac-loai-errors-trong-php-4P856LL3ZY3
Học sinh cá biệt,CI/CD How to install Jenkins on AWS EC2 Linux,/p/cicd-how-to-install-jenkins-on-aws-ec2-linux-vyDZONNPKwj
Ý Trần,Một số cú pháp Javascript shorthand thông dụng,/p/mot-so-cu-phap-javascript-shorthand-thong-dung-aWj5376e56m
Nguyen Anh Tien,Khai thác lỗ hổng để lấy được source code của dịch vụ Y của platform X,/p/khai-thac-lo-hong-de-lay-duoc-source-code-cua-dich-vu-y-cua-platform-x-maGK7k1AKj2
Ông Hoàng Nhật Phương,Một số biểu thức Regex Cơ bản ( Phần 1 ),/p/mot-so-bieu-thuc-regex-co-ban-phan-1-eW65GvvPlDO
Hai Luong,Kotlin - Inline function,/p/kotlin-inline-function-djeZ1vvQlWz
Nguyen Van Hieu,Expose localhost ra mạng bên ngoài,/p/expose-localhost-ra-mang-ben-ngoai-jvElaAD4lkw
DanhDue ExOICTIF,Change Retrofit's Base Url at runtime.,/p/change-retrofits-base-url-at-runtime-ORNZqDLMK0n
